{
    "timestamp": "2025-04-15 15:46:09",
    "model_info": {
        "model_type": "RandomForestClassifier",
        "parameters": {
            "bootstrap": true,
            "ccp_alpha": 0.0,
            "class_weight": null,
            "criterion": "gini",
            "max_depth": null,
            "max_features": "sqrt",
            "max_leaf_nodes": null,
            "max_samples": null,
            "min_impurity_decrease": 0.0,
            "min_samples_leaf": 1,
            "min_samples_split": 2,
            "min_weight_fraction_leaf": 0.0,
            "monotonic_cst": null,
            "n_estimators": 200,
            "n_jobs": null,
            "oob_score": false,
            "random_state": 42,
            "verbose": 0,
            "warm_start": false
        },
        "n_features": 11
    },
    "performance_metrics": {
        "accuracy": 0.9905,
        "precision": 0.9565217391304348,
        "recall": 0.7213114754098361,
        "f1_score": 0.822429906542056
    },
    "feature_importance": {
        "top_features": {
            "Type": 0.014247059692021731,
            "Air_temperature___C_": 0.04163877300448598,
            "Process_temperature___C_": 0.03400862957219483,
            "Rotational_speed__rpm_": 0.13895338658431566,
            "Torque__Nm_": 0.11569398307916964,
            "Tool_wear__min_": 0.048954571694140095,
            "Temperature_Difference": 0.13757400120806199,
            "Power": 0.16598891551082487,
            "Tool_Wear_Rate": 0.09617857587601632,
            "Temp_Tool_Interaction": 0.05432490883586534,
            "Speed_Torque_Interaction": 0.15243719494290356
        }
    },
    "class_distribution": {
        "test_set": {
            "class_0": 1939,
            "class_1": 61
        },
        "predictions": {
            "class_0": 1954,
            "class_1": 46
        }
    },
    "insights": {
        "model_reliability": {
            "accuracy": 0.9905,
            "precision": 0.9565217391304348,
            "recall": 0.7213114754098361,
            "f1_score": 0.822429906542056
        },
        "feature_analysis": {
            "most_important": [
                [
                    "Power",
                    0.16598891551082487
                ],
                [
                    "Speed_Torque_Interaction",
                    0.15243719494290356
                ],
                [
                    "Rotational_speed__rpm_",
                    0.13895338658431566
                ],
                [
                    "Temperature_Difference",
                    0.13757400120806199
                ],
                [
                    "Torque__Nm_",
                    0.11569398307916964
                ]
            ]
        },
        "system_architecture": {
            "n_estimators": 200,
            "max_depth": "None",
            "min_samples_split": 2
        },
        "hyperparameter_tuning": {
            "best_params": {
                "bootstrap": true,
                "ccp_alpha": 0.0,
                "class_weight": null,
                "criterion": "gini",
                "max_depth": null,
                "max_features": "sqrt",
                "max_leaf_nodes": null,
                "max_samples": null,
                "min_impurity_decrease": 0.0,
                "min_samples_leaf": 1,
                "min_samples_split": 2,
                "min_weight_fraction_leaf": 0.0,
                "monotonic_cst": null,
                "n_estimators": 200,
                "n_jobs": null,
                "oob_score": false,
                "random_state": 42,
                "verbose": 0,
                "warm_start": false
            }
        }
    }
}