{
    "Random Forest": {
        "accuracy": 1.0,
        "precision": 1.0,
        "recall": 1.0,
        "f1": 1.0
    },
    "Logistic Regression": {
        "accuracy": 0.971875,
        "precision": 0.7555555555555555,
        "recall": 0.25092250922509224,
        "f1": 0.3767313019390582
    }
}